{
  "course_name": {
    "precision": 1.0,
    "recall": 0.9253731343283582,
    "f1-score": 0.9612403100775194,
    "support": 67,
    "confused_with": {}
  },
  "courses_modality": {
    "precision": 1.0,
    "recall": 1.0,
    "f1-score": 1.0,
    "support": 6,
    "confused_with": {}
  },
  "PER": {
    "precision": 1.0,
    "recall": 0.9642857142857143,
    "f1-score": 0.9818181818181818,
    "support": 28,
    "confused_with": {}
  },
  "ingress_modality": {
    "precision": 1.0,
    "recall": 1.0,
    "f1-score": 1.0,
    "support": 8,
    "confused_with": {}
  },
  "micro avg": {
    "precision": 1.0,
    "recall": 0.944954128440367,
    "f1-score": 0.9716981132075472,
    "support": 109
  },
  "macro avg": {
    "precision": 1.0,
    "recall": 0.9724147121535182,
    "f1-score": 0.9857646229739253,
    "support": 109
  },
  "weighted avg": {
    "precision": 1.0,
    "recall": 0.944954128440367,
    "f1-score": 0.9715046776706687,
    "support": 109
  },
  "accuracy": 0.9893048128342246
}